Id,acct#,amt,date,department
1,6130,52478,08/09/2023,Business Development
2,6240,32836,01/01/2023,Research and Development
3,6610,49622,10/12/2023,Human Resources
4,6420,37787,18/01/2023,Legal
5,6130,37374,10/01/2023,Business Development
6,6520,36786,04/12/2023,Services
7,6410,9521,15/12/2023,Sales
8,6230,62091,01/01/2023,Support
9,6130,16327,01/08/2023,Services
10,6110,38626,18/11/2023,Legal
11,6530,10478,05/04/2024,Engineering
12,6420,80494,12/03/2023,Marketing
13,6310,59383,01/09/2023,Sales
14,6210,23340,03/01/2023,Sales
15,6230,35768,22/02/2024,Engineering
16,6120,619,04/01/2024,Legal
17,6520,68357,12/07/2023,Sales
18,6620,17288,07/04/2024,Support
19,6220,21989,07/08/2023,Accounting
20,6640,33772,12/09/2023,Services
21,6520,78977,25/04/2023,Product Management
22,6630,69724,01/03/2023,Training
23,6610,28996,11/07/2023,Services
24,6240,75111,13/05/2023,Legal
25,6510,98105,11/09/2023,Engineering
26,6240,37516,15/09/2023,Support
27,6530,33104,24/04/2023,Accounting
28,6620,72938,21/01/2023,Sales
29,6610,62214,11/02/2024,Services
30,6310,20163,29/09/2023,Support
31,6540,96382,20/06/2023,Training
32,6240,6875,25/03/2023,Training
33,6640,28851,08/03/2023,Engineering
34,6610,10314,02/09/2023,Product Management
35,6230,40710,07/10/2023,Legal
36,6530,82025,23/01/2024,Services
37,6620,1138,19/05/2023,Business Development
38,6630,24145,05/03/2023,Marketing
39,6230,3793,21/08/2023,Marketing
40,6520,66553,25/09/2023,Services
41,6520,79069,09/01/2024,Engineering
42,6630,5340,02/06/2023,Engineering
43,6530,1861,07/02/2024,Services
44,6410,5583,04/06/2023,Business Development
45,6410,71736,22/08/2023,Accounting
46,6130,50240,22/02/2024,Services
47,6230,40699,30/04/2023,Engineering
48,6420,99056,08/02/2024,Accounting
49,6510,71028,23/08/2023,Research and Development
50,6130,83006,24/09/2023,Business Development
51,6510,31487,04/03/2024,Services
52,6610,45157,12/09/2023,Sales
53,6110,64292,13/07/2023,Business Development
54,6240,52205,14/06/2023,Research and Development
55,6420,17873,30/07/2023,Research and Development
56,6230,94761,11/12/2023,Training
57,6630,31268,22/06/2023,Research and Development
58,6120,74425,17/02/2023,Research and Development
59,6510,88494,20/07/2023,Sales
60,6240,48732,23/11/2023,Human Resources
61,6240,94728,15/01/2023,Marketing
62,6530,82820,05/03/2024,Human Resources
63,6630,85699,19/03/2024,Product Management
64,6530,64752,03/10/2023,Training
65,6610,68148,03/07/2023,Training
66,6210,54704,10/10/2023,Product Management
67,6640,59687,25/06/2023,Human Resources
68,6520,57514,21/05/2023,Marketing
69,6630,85124,29/11/2023,Sales
70,6230,68291,31/03/2023,Marketing
71,6210,88703,21/11/2023,Support
72,6240,46030,09/08/2023,Sales
73,6510,45454,29/03/2024,Human Resources
74,6510,12271,01/08/2023,Engineering
75,6620,8600,08/08/2023,Services
76,6220,44830,30/11/2023,Accounting
77,6230,34006,04/03/2024,Research and Development
78,6640,18048,21/06/2023,Services
79,6510,64984,29/02/2024,Support
80,6220,9839,14/02/2023,Product Management
81,6630,19392,02/02/2023,Business Development
82,6110,15153,19/05/2023,Services
83,6110,84720,18/02/2024,Human Resources
84,6630,6142,04/02/2023,Product Management
85,6110,26896,08/12/2023,Support
86,6120,23312,25/03/2024,Engineering
87,6540,18278,31/01/2024,Training
88,6220,49221,30/07/2023,Marketing
89,6240,792,28/03/2024,Human Resources
90,6110,52246,10/09/2023,Research and Development
91,6110,83342,22/01/2023,Marketing
92,6130,68652,03/08/2023,Business Development
93,6220,73731,17/06/2023,Services
94,6640,46315,02/05/2023,Support
95,6630,86860,08/09/2023,Research and Development
96,6230,91570,30/11/2023,Accounting
97,6420,85790,22/04/2023,Human Resources
98,6520,76897,19/09/2023,Marketing
99,6530,48987,24/11/2023,Legal
100,6540,82079,11/10/2023,Services
101,6230,40330,09/11/2023,Accounting
102,6210,5344,18/03/2023,Sales
103,6240,91198,24/11/2023,Training
104,6640,71403,18/02/2024,Marketing
105,6230,8606,12/06/2023,Marketing
106,6210,86154,20/01/2023,Business Development
107,6120,56964,21/11/2023,Human Resources
108,6240,88911,03/04/2024,Legal
109,6410,76241,02/03/2024,Business Development
110,6630,283,26/09/2023,Services
111,6110,88171,15/10/2023,Sales
112,6540,25908,08/05/2023,Marketing
113,6420,61355,28/02/2023,Sales
114,6130,70852,05/05/2023,Engineering
115,6520,50402,06/07/2023,Research and Development
116,6530,11460,29/01/2023,Legal
117,6610,66295,16/06/2023,Human Resources
118,6120,92491,03/07/2023,Training
119,6610,87157,24/06/2023,Research and Development
120,6530,61190,10/08/2023,Services
121,6420,76469,27/12/2023,Research and Development
122,6520,60044,02/02/2023,Engineering
123,6520,98458,10/02/2024,Business Development
124,6130,38192,29/12/2023,Product Management
125,6630,43540,22/04/2023,Sales
126,6420,89036,09/04/2023,Engineering
127,6240,83371,15/03/2024,Training
128,6640,32729,12/11/2023,Support
129,6630,67192,24/10/2023,Business Development
130,6120,77418,28/07/2023,Support
131,6530,35095,10/05/2023,Research and Development
132,6640,71834,03/10/2023,Sales
133,6610,35571,31/03/2024,Sales
134,6230,9022,16/05/2023,Training
135,6610,16666,13/06/2023,Research and Development
136,6130,11842,21/12/2023,Business Development
137,6520,57084,07/07/2023,Business Development
138,6530,17285,16/04/2023,Research and Development
139,6610,20004,01/07/2023,Engineering
140,6230,99113,12/10/2023,Accounting
141,6130,814,17/02/2024,Accounting
142,6240,37759,11/11/2023,Sales
143,6510,55068,26/12/2023,Marketing
144,6540,85542,29/10/2023,Marketing
145,6630,40481,28/09/2023,Human Resources
146,6510,69827,01/02/2023,Human Resources
147,6130,82351,05/03/2023,Business Development
148,6240,46814,07/04/2024,Business Development
149,6240,82894,10/04/2023,Human Resources
150,6640,67367,14/01/2023,Sales
151,6630,17551,25/01/2023,Training
152,6540,79005,26/10/2023,Support
153,6110,40911,06/04/2024,Training
154,6530,47204,09/10/2023,Human Resources
155,6530,83396,14/10/2023,Marketing
156,6410,62546,03/11/2023,Human Resources
157,6530,65961,20/08/2023,Accounting
158,6220,93615,19/05/2023,Accounting
159,6630,45213,06/03/2023,Marketing
160,6240,79052,18/08/2023,Legal
161,6520,23986,18/01/2023,Services
162,6530,50614,10/11/2023,Business Development
163,6540,21138,22/02/2024,Sales
164,6620,73038,24/07/2023,Accounting
165,6220,68877,28/04/2023,Product Management
166,6420,52368,13/03/2024,Engineering
167,6240,25346,11/06/2023,Accounting
168,6120,8962,09/11/2023,Services
169,6510,30997,08/11/2023,Sales
170,6310,66143,19/02/2024,Business Development
171,6230,52494,13/06/2023,Training
172,6230,83536,15/10/2023,Engineering
173,6110,51566,10/05/2023,Research and Development
174,6220,45458,22/09/2023,Training
175,6610,64458,11/03/2023,Research and Development
176,6540,33003,09/03/2024,Business Development
177,6630,13196,03/02/2023,Legal
178,6630,72897,19/01/2023,Support
179,6410,33496,03/03/2024,Legal
180,6240,48172,30/12/2023,Product Management
181,6510,79236,29/02/2024,Product Management
182,6210,664,09/08/2023,Services
183,6530,75737,25/11/2023,Engineering
184,6120,39659,29/02/2024,Marketing
185,6240,62092,05/04/2024,Research and Development
186,6240,74638,09/06/2023,Accounting
187,6110,60820,11/04/2023,Engineering
188,6610,70800,11/01/2023,Legal
189,6210,39227,27/09/2023,Accounting
190,6120,92748,18/12/2023,Legal
191,6510,8596,08/01/2024,Research and Development
192,6220,51391,18/01/2024,Sales
193,6640,97687,27/05/2023,Human Resources
194,6220,13032,15/09/2023,Services
195,6530,40413,20/09/2023,Support
196,6630,25079,14/05/2023,Human Resources
197,6640,67159,07/01/2023,Sales
198,6420,94510,12/07/2023,Legal
199,6510,93495,09/08/2023,Product Management
200,6130,15572,04/09/2023,Accounting
201,6310,96097,23/02/2023,Research and Development
202,6520,88194,06/02/2023,Sales
203,6630,98901,22/11/2023,Services
204,6210,35698,16/11/2023,Accounting
205,6230,36082,18/07/2023,Marketing
206,6630,18794,14/10/2023,Sales
207,6410,56512,04/02/2024,Business Development
208,6230,71241,27/10/2023,Engineering
209,6230,65221,21/06/2023,Product Management
210,6530,57602,22/03/2024,Services
211,6240,72567,01/01/2023,Marketing
212,6420,53829,21/03/2023,Human Resources
213,6110,6464,30/06/2023,Training
214,6230,95556,04/07/2023,Business Development
215,6120,98811,08/04/2023,Marketing
216,6110,5391,22/08/2023,Marketing
217,6630,48743,22/03/2024,Sales
218,6110,77000,18/05/2023,Support
219,6130,87928,09/03/2023,Product Management
220,6630,39136,24/02/2023,Product Management
221,6520,22980,19/09/2023,Product Management
222,6220,28452,13/06/2023,Accounting
223,6510,65975,17/07/2023,Human Resources
224,6520,8852,16/04/2023,Services
225,6220,87660,25/01/2023,Services
226,6540,64827,06/02/2024,Services
227,6520,37911,04/08/2023,Business Development
228,6230,26205,15/02/2023,Training
229,6630,22995,19/12/2023,Training
230,6620,7375,27/11/2023,Engineering
231,6540,7252,17/03/2023,Legal
232,6420,93174,06/03/2024,Legal
233,6210,56968,21/03/2023,Human Resources
234,6220,40599,28/03/2023,Human Resources
235,6630,69589,14/09/2023,Services
236,6420,37726,25/05/2023,Human Resources
237,6310,7952,14/03/2023,Research and Development
238,6530,35710,10/02/2024,Sales
239,6110,43784,29/03/2024,Product Management
240,6630,96351,10/06/2023,Human Resources
241,6210,54260,12/01/2023,Research and Development
242,6120,51136,11/04/2023,Human Resources
243,6640,78233,22/04/2023,Support
244,6120,86281,05/10/2023,Accounting
245,6230,63866,02/03/2023,Business Development
246,6210,94793,03/04/2024,Human Resources
247,6520,67031,24/12/2023,Training
248,6540,26359,17/07/2023,Support
249,6530,71746,24/03/2024,Research and Development
250,6420,65198,28/07/2023,Product Management
251,6620,62028,15/01/2023,Research and Development
252,6540,74950,13/01/2023,Engineering
253,6420,98738,23/01/2023,Accounting
254,6410,98471,03/06/2023,Legal
255,6520,56972,24/02/2023,Product Management
256,6110,26320,31/12/2023,Sales
257,6210,65052,11/02/2024,Engineering
258,6110,10889,02/10/2023,Engineering
259,6240,54235,23/08/2023,Legal
260,6310,98881,31/03/2023,Sales
261,6610,63065,30/11/2023,Marketing
262,6540,3456,15/03/2024,Marketing
263,6310,93849,22/02/2024,Legal
264,6630,2252,25/02/2023,Engineering
265,6520,72233,02/02/2023,Accounting
266,6110,68528,10/04/2023,Human Resources
267,6410,62968,19/08/2023,Business Development
268,6530,30434,23/01/2023,Services
269,6130,74364,02/08/2023,Engineering
270,6130,51493,01/04/2023,Human Resources
271,6510,52229,16/03/2023,Services
272,6530,27084,03/02/2024,Research and Development
273,6510,63645,08/04/2023,Sales
274,6630,75873,21/02/2023,Engineering
275,6110,19577,20/10/2023,Research and Development
276,6530,70906,20/04/2023,Business Development
277,6540,8771,14/12/2023,Sales
278,6120,10574,14/05/2023,Legal
279,6420,63440,09/03/2023,Sales
280,6120,88686,05/06/2023,Accounting
281,6410,29714,29/01/2023,Support
282,6610,38058,25/06/2023,Product Management
283,6310,17882,22/11/2023,Human Resources
284,6640,93843,30/06/2023,Legal
285,6410,47329,10/06/2023,Sales
286,6110,56923,15/09/2023,Sales
287,6230,55774,15/09/2023,Legal
288,6610,74218,21/02/2023,Product Management
289,6220,38460,27/10/2023,Legal
290,6510,75715,05/02/2024,Support
291,6130,90251,25/04/2023,Legal
292,6530,73806,18/02/2024,Legal
293,6220,32032,26/12/2023,Engineering
294,6510,28497,02/09/2023,Legal
295,6120,49921,05/04/2023,Human Resources
296,6610,79545,20/02/2024,Human Resources
297,6530,175,05/03/2024,Business Development
298,6130,28703,13/11/2023,Accounting
299,6230,69165,24/04/2023,Marketing
300,6530,4109,19/11/2023,Engineering
301,6510,80192,18/11/2023,Support
302,6530,42341,13/10/2023,Research and Development
303,6110,48310,12/02/2023,Services
304,6610,49451,10/10/2023,Training
305,6610,12270,08/07/2023,Legal
306,6210,82604,28/07/2023,Support
307,6110,25658,07/07/2023,Product Management
308,6610,25821,31/01/2023,Training
309,6240,34599,21/09/2023,Research and Development
310,6420,239,20/07/2023,Marketing
311,6610,31156,29/12/2023,Product Management
312,6410,10360,02/02/2023,Research and Development
313,6410,37399,01/05/2023,Support
314,6410,81161,28/03/2024,Engineering
315,6420,16853,12/11/2023,Product Management
316,6310,80647,09/04/2023,Accounting
317,6520,26560,21/02/2024,Support
318,6240,64293,12/12/2023,Research and Development
319,6640,871,20/05/2023,Marketing
320,6210,10976,20/02/2023,Business Development
321,6420,71049,22/01/2023,Human Resources
322,6110,89109,24/04/2023,Human Resources
323,6520,53358,20/04/2023,Support
324,6310,12770,21/12/2023,Marketing
325,6120,39932,28/05/2023,Human Resources
326,6620,15066,02/06/2023,Product Management
327,6420,17897,25/07/2023,Human Resources
328,6510,23845,18/08/2023,Support
329,6230,32743,05/02/2023,Sales
330,6530,50025,07/04/2023,Legal
331,6530,88432,11/05/2023,Business Development
332,6420,6189,27/01/2023,Support
333,6120,9657,05/03/2024,Sales
334,6120,77270,22/09/2023,Services
335,6530,61961,25/02/2023,Business Development
336,6630,9568,22/03/2023,Engineering
337,6230,22584,29/02/2024,Sales
338,6640,32809,14/09/2023,Engineering
339,6510,53173,30/07/2023,Training
340,6510,16285,16/01/2023,Legal
341,6640,64122,23/03/2023,Business Development
342,6620,84612,23/05/2023,Engineering
343,6110,68645,28/01/2024,Marketing
344,6520,54712,16/04/2023,Training
345,6310,21718,03/11/2023,Business Development
346,6230,48932,09/10/2023,Accounting
347,6640,9738,26/11/2023,Accounting
348,6640,25440,30/11/2023,Services
349,6210,28617,14/03/2023,Sales
350,6420,41204,08/06/2023,Product Management
351,6540,65757,16/07/2023,Services
352,6210,37520,14/08/2023,Accounting
353,6540,767,20/01/2024,Business Development
354,6640,36194,11/03/2023,Business Development
355,6220,31160,27/10/2023,Sales
356,6540,37208,01/02/2023,Engineering
357,6530,76225,22/07/2023,Legal
358,6530,91295,03/12/2023,Product Management
359,6240,22818,23/04/2023,Product Management
360,6110,71017,23/09/2023,Research and Development
361,6530,54068,19/03/2023,Training
362,6310,95007,16/03/2023,Accounting
363,6410,34314,10/09/2023,Services
364,6540,33406,11/02/2023,Sales
365,6540,50087,02/10/2023,Research and Development
366,6240,4654,31/03/2024,Human Resources
367,6220,60509,14/01/2023,Business Development
368,6630,17097,12/12/2023,Support
369,6130,8774,27/05/2023,Support
370,6520,93427,17/07/2023,Sales
371,6240,87822,29/01/2023,Services
372,6530,55699,07/01/2023,Legal
373,6120,93523,09/03/2024,Marketing
374,6310,25094,30/03/2023,Sales
375,6420,10873,18/08/2023,Support
376,6240,38639,24/06/2023,Training
377,6210,7775,08/06/2023,Research and Development
378,6210,59122,08/11/2023,Human Resources
379,6520,97454,14/08/2023,Marketing
380,6630,31565,07/08/2023,Support
381,6630,37733,22/07/2023,Accounting
382,6420,15499,17/02/2023,Engineering
383,6540,89125,28/07/2023,Research and Development
384,6310,33757,15/04/2023,Training
385,6110,41595,02/02/2024,Product Management
386,6520,78524,29/10/2023,Engineering
387,6110,91332,26/06/2023,Product Management
388,6410,75699,29/07/2023,Support
389,6240,3349,13/06/2023,Legal
390,6110,52822,22/02/2024,Legal
391,6420,10297,23/03/2023,Training
392,6120,80134,22/05/2023,Engineering
393,6220,39760,27/02/2023,Training
394,6130,94322,13/01/2024,Product Management
395,6310,79684,26/11/2023,Accounting
396,6640,27957,11/02/2023,Legal
397,6310,81308,09/01/2024,Legal
398,6640,93905,21/03/2024,Legal
399,6510,69361,11/08/2023,Business Development
400,6540,31701,08/09/2023,Support
401,6130,56415,01/06/2023,Human Resources
402,6510,22751,23/06/2023,Training
403,6110,71900,19/12/2023,Legal
404,6540,15759,04/11/2023,Training
405,6520,92653,21/02/2024,Business Development
406,6220,50091,20/07/2023,Accounting
407,6520,49985,21/12/2023,Research and Development
408,6620,45032,05/04/2023,Product Management
409,6630,98217,26/05/2023,Human Resources
410,6510,38946,26/04/2023,Business Development
411,6120,51007,09/12/2023,Support
412,6520,52450,09/01/2023,Engineering
413,6410,92346,19/11/2023,Engineering
414,6230,54478,05/01/2023,Research and Development
415,6420,97098,30/03/2023,Training
416,6410,53816,06/07/2023,Business Development
417,6420,53674,01/01/2024,Legal
418,6240,44475,28/07/2023,Accounting
419,6240,8954,28/10/2023,Sales
420,6120,35419,16/08/2023,Legal
421,6130,50586,25/02/2023,Human Resources
422,6620,56852,21/01/2023,Services
423,6540,44670,29/08/2023,Training
424,6640,79258,16/03/2023,Sales
425,6520,17375,03/07/2023,Human Resources
426,6240,36462,14/08/2023,Sales
427,6540,38416,03/09/2023,Services
428,6240,7369,14/03/2023,Accounting
429,6610,81110,11/03/2023,Support
430,6630,58470,01/03/2024,Legal
431,6410,11392,18/10/2023,Legal
432,6610,99279,05/01/2023,Legal
433,6520,97931,12/04/2023,Engineering
434,6210,47340,28/12/2023,Legal
435,6220,47708,02/01/2023,Marketing
436,6130,85652,17/03/2023,Engineering
437,6110,67271,29/11/2023,Business Development
438,6220,34307,11/12/2023,Training
439,6510,26431,21/02/2023,Marketing
440,6410,69864,01/01/2024,Engineering
441,6610,32937,29/06/2023,Research and Development
442,6510,14417,22/01/2024,Engineering
443,6610,44518,29/09/2023,Support
444,6230,89606,25/06/2023,Business Development
445,6540,84667,10/01/2023,Business Development
446,6220,95731,09/11/2023,Support
447,6510,87614,04/12/2023,Accounting
448,6130,46725,17/01/2023,Support
449,6230,2499,02/02/2024,Business Development
450,6420,98117,26/12/2023,Research and Development
451,6240,40221,02/04/2024,Engineering
452,6310,30974,21/06/2023,Support
453,6510,21413,21/08/2023,Marketing
454,6410,12630,06/03/2023,Product Management
455,6310,84050,20/09/2023,Marketing
456,6620,54953,12/03/2024,Services
457,6540,77226,11/03/2024,Business Development
458,6530,93719,02/02/2024,Product Management
459,6210,50093,28/01/2024,Training
460,6520,57232,16/11/2023,Services
461,6120,70855,05/12/2023,Services
462,6420,89875,16/01/2023,Sales
463,6510,23861,15/03/2023,Business Development
464,6620,78869,02/06/2023,Training
465,6540,40380,09/02/2024,Accounting
466,6530,67684,11/01/2024,Research and Development
467,6630,3974,11/04/2023,Marketing
468,6620,65738,22/03/2024,Services
469,6520,23494,22/06/2023,Engineering
470,6420,2032,15/10/2023,Human Resources
471,6240,38112,22/05/2023,Business Development
472,6610,17045,11/05/2023,Research and Development
473,6230,63860,10/03/2023,Accounting
474,6420,69335,14/03/2023,Marketing
475,6130,19732,07/04/2024,Marketing
476,6240,19621,20/12/2023,Human Resources
477,6510,27669,13/02/2023,Marketing
478,6640,54233,08/07/2023,Marketing
479,6540,49374,02/04/2023,Research and Development
480,6120,24585,12/09/2023,Human Resources
481,6240,29680,03/01/2023,Research and Development
482,6620,12212,16/03/2023,Sales
483,6520,11723,21/02/2024,Legal
484,6310,86792,09/03/2024,Accounting
485,6420,69090,05/01/2024,Services
486,6510,72293,01/09/2023,Business Development
487,6230,55320,25/01/2023,Support
488,6240,78647,10/05/2023,Training
489,6220,95122,21/11/2023,Product Management
490,6640,1501,06/07/2023,Engineering
491,6410,66159,13/10/2023,Sales
492,6520,71005,19/12/2023,Human Resources
493,6530,88404,01/01/2023,Support
494,6420,30714,13/03/2023,Accounting
495,6240,69423,03/02/2024,Accounting
496,6530,41171,14/02/2024,Research and Development
497,6110,17173,05/04/2024,Human Resources
498,6630,26550,03/02/2023,Product Management
499,6420,25235,21/05/2023,Business Development
500,6530,60726,05/03/2024,Support
501,6620,22723,18/02/2024,Engineering
502,6420,14272,08/12/2023,Legal
503,6230,23426,04/12/2023,Sales
504,6420,198,11/10/2023,Sales
505,6620,89823,04/04/2023,Marketing
506,6240,56474,05/03/2023,Marketing
507,6310,96821,07/08/2023,Engineering
508,6520,81954,25/08/2023,Accounting
509,6420,30336,06/09/2023,Research and Development
510,6130,47066,25/03/2024,Sales
511,6220,48236,31/01/2023,Marketing
512,6240,84560,19/04/2023,Engineering
513,6310,62703,11/11/2023,Engineering
514,6230,78198,26/07/2023,Research and Development
515,6620,47464,10/10/2023,Marketing
516,6240,98295,17/03/2023,Engineering
517,6220,87644,19/05/2023,Support
518,6520,30379,10/05/2023,Marketing
519,6220,80753,21/07/2023,Human Resources
520,6530,93595,09/07/2023,Research and Development
521,6620,54788,16/01/2023,Sales
522,6110,66171,16/01/2023,Product Management
523,6620,1136,15/02/2024,Business Development
524,6420,69154,08/01/2023,Human Resources
525,6120,8195,06/02/2023,Engineering
526,6120,98310,02/03/2023,Engineering
527,6630,68683,28/02/2023,Training
528,6630,63530,30/01/2023,Marketing
529,6410,62812,16/03/2023,Support
530,6620,45527,29/01/2023,Support
531,6640,92569,19/05/2023,Engineering
532,6530,97909,31/07/2023,Sales
533,6110,50924,27/11/2023,Services
534,6110,3900,06/01/2024,Marketing
535,6130,99157,19/11/2023,Research and Development
536,6240,50984,15/02/2023,Engineering
537,6310,90123,18/10/2023,Business Development
538,6230,84736,02/06/2023,Training
539,6110,22831,21/12/2023,Business Development
540,6640,70498,09/02/2024,Human Resources
541,6220,77454,27/01/2023,Services
542,6120,12751,05/09/2023,Accounting
543,6420,18033,18/03/2023,Services
544,6620,2634,04/11/2023,Product Management
545,6110,9049,28/10/2023,Business Development
546,6220,2168,26/07/2023,Services
547,6230,71986,07/04/2024,Services
548,6410,91249,03/12/2023,Sales
549,6630,6643,23/02/2023,Accounting
550,6220,89723,20/12/2023,Training
551,6110,57037,12/08/2023,Training
552,6410,39545,08/04/2023,Legal
553,6530,79532,20/09/2023,Accounting
554,6220,74832,29/03/2024,Support
555,6610,50469,28/07/2023,Legal
556,6410,43624,10/01/2024,Human Resources
557,6540,47655,09/03/2024,Marketing
558,6610,94892,20/04/2023,Sales
559,6240,33025,04/05/2023,Training
560,6610,8081,31/10/2023,Accounting
561,6610,25119,20/04/2023,Legal
562,6220,87682,21/01/2024,Product Management
563,6220,28104,18/12/2023,Engineering
564,6420,7904,14/06/2023,Engineering
565,6420,81130,13/06/2023,Legal
566,6520,81878,17/01/2024,Sales
567,6120,15775,12/02/2024,Business Development
568,6620,67694,07/08/2023,Training
569,6610,12855,06/07/2023,Business Development
570,6520,23598,25/12/2023,Research and Development
571,6640,50197,09/09/2023,Legal
572,6630,56117,28/01/2023,Support
573,6620,74652,16/03/2024,Product Management
574,6540,42821,12/11/2023,Engineering
575,6130,22516,20/12/2023,Sales
576,6420,41350,27/02/2023,Marketing
577,6220,91491,22/04/2023,Support
578,6240,19589,13/06/2023,Accounting
579,6220,10869,12/04/2023,Support
580,6520,58433,16/01/2024,Support
581,6310,88441,13/10/2023,Legal
582,6540,4287,09/07/2023,Sales
583,6110,28581,08/04/2023,Sales
584,6240,15380,22/01/2023,Sales
585,6520,77569,28/07/2023,Legal
586,6610,20088,24/05/2023,Legal
587,6420,4004,18/03/2024,Legal
588,6520,61024,11/01/2024,Product Management
589,6130,87890,15/01/2023,Sales
590,6540,29237,11/01/2023,Sales
591,6120,72608,25/11/2023,Sales
592,6230,73196,07/09/2023,Accounting
593,6310,65770,26/10/2023,Marketing
594,6640,49855,17/09/2023,Marketing
595,6630,55188,14/02/2023,Services
596,6240,45138,06/01/2023,Product Management
597,6540,50502,03/02/2023,Support
598,6610,27763,09/05/2023,Training
599,6520,51686,21/10/2023,Legal
600,6230,66233,09/01/2024,Training
601,6610,55790,27/03/2024,Business Development
602,6230,34031,09/12/2023,Services
603,6520,51795,06/01/2023,Marketing
604,6640,95658,29/05/2023,Engineering
605,6610,52376,03/01/2023,Legal
606,6530,44016,19/03/2024,Business Development
607,6530,10245,23/08/2023,Legal
608,6220,64504,05/01/2024,Accounting
609,6540,10850,19/07/2023,Product Management
610,6620,1325,15/12/2023,Support
611,6630,66160,15/11/2023,Legal
612,6220,22491,02/04/2023,Legal
613,6240,77079,04/08/2023,Training
614,6530,37585,23/01/2024,Support
615,6220,91428,13/07/2023,Business Development
616,6130,49332,01/12/2023,Accounting
617,6620,95771,24/10/2023,Product Management
618,6630,86734,14/06/2023,Product Management
619,6510,51627,14/10/2023,Human Resources
620,6210,86775,09/01/2023,Legal
621,6130,45010,25/01/2023,Services
622,6230,15031,30/09/2023,Product Management
623,6120,32444,25/04/2023,Sales
624,6510,10509,21/04/2023,Training
625,6630,38931,11/07/2023,Business Development
626,6640,51239,19/10/2023,Accounting
627,6630,46981,24/10/2023,Sales
628,6310,47138,12/03/2024,Engineering
629,6220,37212,06/09/2023,Product Management
630,6630,91547,23/04/2023,Support
631,6410,56232,14/10/2023,Services
632,6130,55803,27/11/2023,Human Resources
633,6530,92542,24/06/2023,Sales
634,6510,59699,04/04/2024,Training
635,6130,11980,09/02/2023,Engineering
636,6610,82605,01/04/2024,Engineering
637,6220,57203,31/03/2024,Human Resources
638,6510,53534,29/05/2023,Sales
639,6540,4139,24/01/2024,Training
640,6610,70861,10/04/2023,Human Resources
641,6220,50764,18/06/2023,Sales
642,6220,8610,08/02/2024,Accounting
643,6210,34614,12/07/2023,Research and Development
644,6640,35029,11/03/2023,Product Management
645,6110,31540,13/08/2023,Human Resources
646,6630,69305,26/04/2023,Support
647,6310,19992,02/09/2023,Marketing
648,6420,68349,02/04/2024,Sales
649,6240,96717,23/12/2023,Training
650,6530,35161,04/06/2023,Business Development
651,6410,55082,01/08/2023,Support
652,6520,71673,08/03/2024,Services
653,6210,19936,19/01/2024,Support
654,6530,40637,21/11/2023,Accounting
655,6410,99194,19/09/2023,Services
656,6230,12460,20/08/2023,Business Development
657,6540,24559,02/04/2024,Research and Development
658,6240,74713,31/03/2023,Support
659,6620,87163,11/08/2023,Training
660,6610,98308,24/09/2023,Engineering
661,6240,65268,08/05/2023,Engineering
662,6110,3504,03/03/2023,Training
663,6630,91929,10/11/2023,Legal
664,6110,31647,31/08/2023,Research and Development
665,6640,4614,09/03/2023,Support
666,6220,13236,20/03/2024,Marketing
667,6210,24376,15/01/2024,Product Management
668,6240,13151,13/06/2023,Accounting
669,6110,51543,08/01/2024,Support
670,6540,94027,12/01/2023,Marketing
671,6540,3445,13/09/2023,Accounting
672,6210,72217,30/05/2023,Human Resources
673,6540,81059,05/03/2024,Support
674,6620,24841,27/02/2024,Engineering
675,6230,10536,29/10/2023,Marketing
676,6620,92125,22/02/2023,Legal
677,6110,34452,13/07/2023,Engineering
678,6220,98459,19/03/2024,Research and Development
679,6420,82651,24/01/2024,Business Development
680,6110,80825,01/05/2023,Engineering
681,6110,72794,30/04/2023,Accounting
682,6530,43637,25/03/2024,Research and Development
683,6510,48230,09/01/2024,Legal
684,6610,38995,07/07/2023,Business Development
685,6230,97754,07/01/2024,Engineering
686,6640,64758,27/12/2023,Services
687,6530,60391,13/03/2023,Sales
688,6520,23597,27/01/2023,Accounting
689,6520,622,15/10/2023,Sales
690,6230,99906,15/05/2023,Services
691,6210,28387,24/10/2023,Services
692,6640,13425,11/06/2023,Legal
693,6120,39689,05/03/2023,Business Development
694,6220,53093,17/04/2023,Business Development
695,6230,33787,03/10/2023,Engineering
696,6610,61976,24/04/2023,Engineering
697,6530,95789,15/08/2023,Services
698,6630,71157,21/02/2024,Business Development
699,6230,47051,18/03/2024,Support
700,6540,34964,18/04/2023,Marketing
701,6630,9375,29/06/2023,Accounting
702,6240,36530,05/03/2024,Services
703,6520,55806,22/04/2023,Support
704,6530,11435,03/04/2023,Training
705,6640,12651,06/11/2023,Human Resources
706,6620,68129,27/05/2023,Sales
707,6520,31073,02/02/2024,Engineering
708,6110,43050,03/07/2023,Sales
709,6220,12540,30/12/2023,Training
710,6420,51710,21/11/2023,Sales
711,6240,47383,08/07/2023,Business Development
712,6420,97177,20/11/2023,Sales
713,6240,5754,24/02/2024,Legal
714,6230,80350,23/04/2023,Support
715,6230,26802,06/05/2023,Research and Development
716,6210,29162,17/04/2023,Sales
717,6540,62226,01/08/2023,Training
718,6410,40113,18/02/2023,Support
719,6520,1130,11/06/2023,Engineering
720,6110,26183,25/09/2023,Accounting
721,6220,63562,12/07/2023,Accounting
722,6120,61043,12/11/2023,Accounting
723,6540,98027,28/02/2024,Legal
724,6220,43829,17/09/2023,Engineering
725,6540,22980,25/03/2023,Product Management
726,6230,46750,02/01/2024,Engineering
727,6220,25592,10/06/2023,Accounting
728,6640,33754,02/08/2023,Research and Development
729,6520,21050,06/08/2023,Support
730,6310,41545,30/06/2023,Engineering
731,6240,16341,15/09/2023,Services
732,6240,93719,29/10/2023,Support
733,6130,58367,26/01/2024,Services
734,6630,91263,28/01/2023,Sales
735,6240,19323,24/12/2023,Engineering
736,6510,47104,20/12/2023,Training
737,6510,45274,19/07/2023,Accounting
738,6420,18210,04/08/2023,Product Management
739,6410,86152,24/12/2023,Training
740,6510,18820,15/01/2024,Engineering
741,6510,59174,19/03/2023,Services
742,6220,55797,06/04/2023,Research and Development
743,6540,95604,21/01/2024,Training
744,6310,31791,16/03/2024,Sales
745,6420,12106,26/11/2023,Human Resources
746,6420,47779,26/07/2023,Human Resources
747,6520,88844,05/12/2023,Engineering
748,6620,97215,01/04/2024,Training
749,6540,81560,08/07/2023,Services
750,6120,51273,04/07/2023,Marketing
751,6240,42112,01/10/2023,Accounting
752,6630,32138,17/07/2023,Legal
753,6210,8923,20/03/2024,Training
754,6410,23960,10/07/2023,Marketing
755,6210,77007,14/02/2024,Human Resources
756,6540,14755,28/06/2023,Research and Development
757,6540,96843,30/12/2023,Human Resources
758,6630,42363,30/01/2024,Engineering
759,6510,78133,11/02/2024,Sales
760,6510,58631,13/05/2023,Sales
761,6510,14378,19/01/2024,Human Resources
762,6240,94626,25/12/2023,Legal
763,6310,15522,22/04/2023,Human Resources
764,6610,91686,03/09/2023,Engineering
765,6130,19176,18/07/2023,Legal
766,6640,18458,04/03/2023,Training
767,6120,10156,02/12/2023,Human Resources
768,6220,65671,11/03/2023,Research and Development
769,6130,91411,28/04/2023,Marketing
770,6240,67338,18/03/2023,Product Management
771,6210,87564,08/09/2023,Accounting
772,6410,56622,01/08/2023,Product Management
773,6130,97544,28/10/2023,Marketing
774,6640,55406,13/05/2023,Research and Development
775,6640,80185,31/01/2023,Sales
776,6530,53940,25/04/2023,Sales
777,6610,85612,14/07/2023,Support
778,6420,79187,04/03/2023,Sales
779,6640,6710,14/07/2023,Business Development
780,6210,33714,09/02/2023,Training
781,6540,12574,13/10/2023,Training
782,6540,61325,05/05/2023,Training
783,6410,12198,13/10/2023,Business Development
784,6210,18483,13/06/2023,Training
785,6520,24341,14/03/2024,Marketing
786,6110,16102,23/09/2023,Engineering
787,6640,99852,13/05/2023,Sales
788,6630,56745,04/08/2023,Legal
789,6230,17616,24/11/2023,Research and Development
790,6410,60725,25/01/2024,Engineering
791,6640,77559,25/02/2023,Engineering
792,6310,95352,05/07/2023,Human Resources
793,6240,98230,24/04/2023,Support
794,6510,52185,09/01/2024,Legal
795,6230,99158,19/12/2023,Business Development
796,6620,1732,18/12/2023,Support
797,6420,2227,25/10/2023,Sales
798,6110,35095,02/05/2023,Human Resources
799,6130,91490,24/09/2023,Product Management
800,6110,88784,13/12/2023,Support
801,6540,52879,30/07/2023,Marketing
802,6610,63082,09/05/2023,Legal
803,6610,12855,22/09/2023,Product Management
804,6630,69047,06/07/2023,Sales
805,6230,24435,18/10/2023,Human Resources
806,6520,80270,07/07/2023,Marketing
807,6540,651,17/02/2023,Accounting
808,6230,93746,27/07/2023,Services
809,6310,66922,20/10/2023,Services
810,6630,64050,19/02/2023,Product Management
811,6230,72238,30/01/2024,Research and Development
812,6210,48404,22/06/2023,Sales
813,6230,75194,26/06/2023,Business Development
814,6110,84774,11/11/2023,Training
815,6310,22792,13/07/2023,Services
816,6630,28513,18/02/2024,Engineering
817,6410,94913,29/11/2023,Support
818,6130,46805,27/03/2024,Training
819,6420,7179,02/12/2023,Legal
820,6630,19190,16/03/2023,Support
821,6420,47065,08/03/2023,Engineering
822,6230,88893,06/06/2023,Research and Development
823,6120,55650,17/01/2023,Support
824,6410,88569,21/08/2023,Legal
825,6510,25895,27/10/2023,Sales
826,6620,1265,15/02/2024,Engineering
827,6120,11996,07/02/2023,Services
828,6610,81688,16/05/2023,Human Resources
829,6640,22646,25/03/2023,Accounting
830,6540,3417,09/12/2023,Legal
831,6420,26210,25/07/2023,Training
832,6540,98746,24/01/2024,Legal
833,6230,47418,23/02/2024,Marketing
834,6210,69735,03/12/2023,Legal
835,6510,9469,20/02/2024,Marketing
836,6410,35748,25/01/2023,Services
837,6520,63417,20/03/2024,Sales
838,6630,43071,24/05/2023,Sales
839,6220,2775,03/10/2023,Research and Development
840,6240,33795,26/12/2023,Business Development
841,6630,71629,11/12/2023,Services
842,6240,76405,07/04/2023,Research and Development
843,6130,38702,14/08/2023,Product Management
844,6310,31416,17/07/2023,Engineering
845,6220,33551,29/04/2023,Sales
846,6420,67150,24/12/2023,Training
847,6210,85133,19/06/2023,Legal
848,6120,49247,06/04/2024,Human Resources
849,6510,76258,30/06/2023,Product Management
850,6310,79291,16/11/2023,Human Resources
851,6540,99167,01/01/2023,Engineering
852,6110,76417,30/04/2023,Business Development
853,6610,91618,15/06/2023,Product Management
854,6610,77654,03/03/2023,Research and Development
855,6540,54567,22/03/2023,Sales
856,6230,19985,30/01/2024,Marketing
857,6520,21241,18/09/2023,Product Management
858,6230,60658,12/04/2023,Product Management
859,6220,42252,06/12/2023,Sales
860,6240,18981,19/05/2023,Services
861,6410,84591,19/01/2023,Services
862,6240,72855,24/03/2024,Training
863,6130,95062,18/10/2023,Product Management
864,6610,27285,23/05/2023,Product Management
865,6630,6002,05/01/2023,Product Management
866,6420,41215,01/11/2023,Research and Development
867,6520,90326,25/10/2023,Support
868,6220,7417,16/06/2023,Product Management
869,6630,92937,18/01/2023,Human Resources
870,6620,30114,19/02/2023,Accounting
871,6510,51279,25/10/2023,Business Development
872,6520,99015,16/10/2023,Accounting
873,6640,47294,27/07/2023,Accounting
874,6220,35050,02/01/2023,Human Resources
875,6240,89713,25/02/2024,Training
876,6630,35724,11/01/2024,Product Management
877,6520,11462,13/07/2023,Engineering
878,6420,55517,19/01/2024,Marketing
879,6130,74563,11/11/2023,Product Management
880,6110,91194,01/01/2023,Marketing
881,6110,78832,12/07/2023,Research and Development
882,6230,58035,03/10/2023,Support
883,6120,91682,20/03/2024,Product Management
884,6630,75436,03/04/2024,Research and Development
885,6420,78654,30/01/2024,Training
886,6110,54977,03/02/2024,Business Development
887,6410,84676,31/03/2023,Training
888,6510,86877,07/09/2023,Legal
889,6530,80352,10/03/2024,Accounting
890,6610,16443,06/10/2023,Product Management
891,6610,52074,06/02/2023,Support
892,6220,33942,15/04/2023,Services
893,6640,24869,25/03/2024,Legal
894,6420,96816,09/01/2023,Engineering
895,6240,96926,21/10/2023,Training
896,6630,41163,16/09/2023,Research and Development
897,6640,6536,17/11/2023,Sales
898,6540,99070,15/02/2023,Legal
899,6540,57619,18/02/2024,Services
900,6630,27139,08/11/2023,Training
901,6530,51123,28/04/2023,Support
902,6410,19687,31/01/2024,Accounting
903,6210,25771,04/04/2024,Marketing
904,6610,88230,05/03/2024,Business Development
905,6610,77490,16/01/2024,Product Management
906,6610,7843,14/02/2024,Training
907,6220,43279,08/08/2023,Research and Development
908,6630,1019,09/10/2023,Services
909,6610,90538,16/12/2023,Support
910,6520,86373,03/01/2024,Accounting
911,6110,18348,22/03/2023,Engineering
912,6530,10227,28/04/2023,Business Development
913,6230,63122,29/08/2023,Services
914,6240,10650,01/08/2023,Services
915,6630,3113,14/12/2023,Services
916,6110,85533,29/09/2023,Research and Development
917,6610,28740,27/02/2023,Business Development
918,6520,97240,02/04/2024,Human Resources
919,6210,7260,23/08/2023,Engineering
920,6230,81820,08/04/2023,Research and Development
921,6240,37861,25/04/2023,Engineering
922,6630,75335,02/01/2023,Training
923,6530,26696,13/03/2024,Marketing
924,6310,43204,28/01/2023,Product Management
925,6610,96624,08/02/2023,Product Management
926,6620,46710,04/01/2024,Sales
927,6510,50857,26/02/2023,Accounting
928,6110,1905,24/12/2023,Legal
929,6130,39126,15/01/2024,Engineering
930,6310,99943,15/10/2023,Support
931,6520,19528,15/09/2023,Human Resources
932,6610,70842,09/02/2023,Support
933,6510,31898,14/06/2023,Support
934,6230,91524,02/11/2023,Business Development
935,6220,27645,17/07/2023,Legal
936,6120,95738,28/09/2023,Sales
937,6520,54060,01/12/2023,Training
938,6510,49162,09/01/2023,Training
939,6120,71366,19/07/2023,Marketing
940,6620,98833,17/01/2024,Human Resources
941,6220,9032,30/01/2023,Accounting
942,6630,20618,17/11/2023,Engineering
943,6130,67015,16/05/2023,Accounting
944,6540,84150,11/12/2023,Accounting
945,6630,40706,16/06/2023,Sales
946,6210,52201,21/12/2023,Sales
947,6120,67544,09/12/2023,Human Resources
948,6620,38809,18/09/2023,Accounting
949,6120,41262,19/03/2024,Human Resources
950,6640,37190,01/10/2023,Accounting
951,6310,11591,14/06/2023,Support
952,6240,11430,22/05/2023,Support
953,6610,18256,08/04/2023,Legal
954,6120,15004,28/01/2023,Human Resources
955,6210,98212,01/02/2023,Business Development
956,6510,74316,10/06/2023,Engineering
957,6420,48398,19/07/2023,Training
958,6130,11648,02/09/2023,Research and Development
959,6240,52456,03/03/2023,Services
960,6510,8842,23/05/2023,Product Management
961,6510,43919,19/03/2024,Sales
962,6410,14851,02/10/2023,Support
963,6540,24083,21/10/2023,Human Resources
964,6540,17696,22/04/2023,Support
965,6310,77371,10/03/2024,Training
966,6610,871,05/11/2023,Business Development
967,6220,77269,26/01/2024,Sales
968,6120,18078,14/06/2023,Product Management
969,6610,39370,10/07/2023,Business Development
970,6410,72529,31/07/2023,Support
971,6310,83727,04/04/2023,Business Development
972,6630,30874,02/03/2023,Support
973,6110,82417,06/07/2023,Research and Development
974,6220,99698,19/03/2024,Legal
975,6510,73569,03/06/2023,Sales
976,6210,29422,03/04/2024,Human Resources
977,6410,16875,23/05/2023,Legal
978,6530,20713,25/12/2023,Support
979,6420,70592,16/02/2023,Sales
980,6520,91781,01/01/2024,Engineering
981,6640,71427,29/10/2023,Research and Development
982,6420,19151,04/03/2024,Sales
983,6240,80517,21/11/2023,Support
984,6120,89773,09/06/2023,Support
985,6210,52764,03/12/2023,Legal
986,6110,10220,09/04/2023,Engineering
987,6540,17963,17/05/2023,Sales
988,6220,4328,24/06/2023,Research and Development
989,6630,11139,12/01/2024,Marketing
990,6620,49252,02/01/2024,Research and Development
991,6510,53357,14/02/2024,Training
992,6510,69653,21/01/2023,Business Development
993,6620,14842,24/06/2023,Accounting
994,6310,40498,28/02/2024,Legal
995,6510,99984,29/08/2023,Legal
996,6110,70704,26/03/2023,Business Development
997,6240,21327,22/11/2023,Accounting
998,6420,75134,19/10/2023,Human Resources
999,6130,26138,13/02/2023,Business Development
1000,6240,98284,31/05/2023,Human Resources
