ID,Account #,Exp. Amount,Exp. date,Department
1,6310,88970,2023/04/02,Business Development
2,6230,19617,2024/02/15,Marketing
3,6310,10302,2023/11/08,Engineering
4,6540,77930,2023/10/16,Training
5,6630,42043,2024/03/01,Engineering
6,6130,8526,2023/04/18,Marketing
7,6120,73613,2023/10/28,Human Resources
8,6240,61193,2023/02/25,Product Management
9,6110,29732,2023/02/15,Marketing
10,6230,48286,2023/05/15,Legal
11,6210,63566,2023/08/24,Business Development
12,6410,81294,2024/03/03,Services
13,6220,58740,2023/05/04,Business Development
14,6420,84888,2023/03/03,Training
15,6230,86892,2024/02/09,Research and Development
16,6630,52679,2023/03/30,Human Resources
17,6210,83050,2023/11/25,Sales
18,6210,61096,2023/11/27,Research and Development
19,6530,51734,2023/07/09,Sales
20,6240,89315,2023/06/25,Sales
21,6640,53813,2023/05/01,Business Development
22,6210,6618,2023/07/01,Training
23,6530,48623,2024/01/15,Human Resources
24,6310,95953,2023/07/31,Services
25,6620,38667,2024/03/15,Legal
26,6220,8474,2023/12/25,Sales
27,6120,30263,2023/08/28,Support
28,6410,28109,2023/05/02,Human Resources
29,6130,78964,2023/06/15,Training
30,6210,3909,2023/05/25,Marketing
31,6620,63880,2023/08/02,Marketing
32,6410,19970,2024/02/23,Accounting
33,6210,205,2024/04/03,Accounting
34,6610,82978,2024/04/01,Training
35,6510,88254,2023/07/27,Sales
36,6420,2647,2023/08/05,Engineering
37,6230,4326,2023/02/03,Human Resources
38,6130,94186,2023/12/01,Sales
39,6210,99721,2023/01/17,Engineering
40,6130,55357,2023/03/08,Engineering
41,6310,75817,2023/03/02,Sales
42,6510,38232,2023/08/19,Training
43,6520,10801,2024/03/15,Legal
44,6530,89191,2023/09/29,Engineering
45,6520,39309,2023/11/11,Training
46,6520,20032,2023/11/02,Business Development
47,6410,46505,2023/04/08,Product Management
48,6310,44585,2024/03/28,Human Resources
49,6640,4884,2023/08/18,Engineering
50,6220,15871,2023/03/13,Legal
51,6110,37880,2024/01/21,Services
52,6120,6339,2024/02/22,Business Development
53,6410,81045,2023/08/05,Sales
54,6240,6727,2023/07/03,Legal
55,6420,32388,2023/12/27,Services
56,6310,51546,2023/07/02,Support
57,6310,38863,2023/07/03,Human Resources
58,6130,25653,2023/04/11,Engineering
59,6610,55484,2023/10/29,Engineering
60,6420,35668,2023/10/22,Services
61,6110,30118,2023/05/13,Research and Development
62,6530,38810,2024/01/18,Support
63,6110,7878,2023/07/20,Legal
64,6220,57116,2023/06/14,Human Resources
65,6120,10776,2023/08/19,Training
66,6520,24749,2023/07/19,Legal
67,6630,42733,2024/02/14,Training
68,6120,97692,2023/05/01,Engineering
69,6530,20556,2023/02/06,Accounting
70,6230,83971,2024/04/04,Marketing
71,6130,4038,2023/07/10,Sales
72,6420,53201,2023/02/07,Engineering
73,6310,53127,2023/07/10,Product Management
74,6520,23788,2023/03/14,Human Resources
75,6420,82003,2023/12/30,Training
76,6620,20648,2024/02/19,Business Development
77,6120,90740,2023/10/02,Business Development
78,6110,24241,2023/08/28,Business Development
79,6510,91266,2023/11/12,Product Management
80,6520,64726,2023/06/22,Sales
81,6110,61820,2023/07/13,Sales
82,6410,72784,2023/07/27,Research and Development
83,6310,82440,2023/10/20,Support
84,6110,64140,2023/04/12,Business Development
85,6510,31871,2023/03/27,Research and Development
86,6310,92104,2023/02/12,Business Development
87,6220,72863,2023/10/03,Marketing
88,6420,77940,2023/03/25,Product Management
89,6640,55461,2023/06/04,Support
90,6510,75134,2024/02/29,Accounting
91,6530,30077,2024/02/15,Human Resources
92,6620,36148,2023/01/04,Product Management
93,6230,51134,2023/06/16,Engineering
94,6110,22976,2023/11/10,Sales
95,6310,73962,2024/01/06,Marketing
96,6230,74694,2023/01/20,Services
97,6420,19694,2023/01/28,Legal
98,6240,26788,2023/03/12,Research and Development
99,6630,88819,2023/07/20,Business Development
100,6220,45037,2023/09/28,Research and Development
101,6640,59240,2023/02/06,Accounting
102,6520,49719,2023/11/17,Engineering
103,6530,69071,2023/05/21,Sales
104,6420,53578,2023/12/13,Legal
105,6120,66566,2024/01/05,Training
106,6130,53164,2023/08/19,Training
107,6630,68627,2023/09/09,Sales
108,6520,834,2023/02/14,Training
109,6130,1198,2023/02/24,Sales
110,6640,76855,2023/10/03,Services
111,6530,35271,2023/10/04,Support
112,6530,96728,2023/03/08,Human Resources
113,6530,64462,2023/04/06,Sales
114,6240,50315,2023/02/28,Engineering
115,6640,42478,2023/07/10,Training
116,6240,12485,2024/04/03,Training
117,6240,20602,2024/02/27,Engineering
118,6520,2116,2023/10/06,Business Development
119,6410,81747,2023/10/14,Legal
120,6640,28935,2024/01/06,Legal
121,6630,12474,2023/11/03,Training
122,6240,27641,2024/03/16,Marketing
123,6240,47282,2023/04/07,Research and Development
124,6210,28276,2024/04/05,Support
125,6240,59614,2023/07/12,Services
126,6530,56322,2023/11/01,Engineering
127,6130,35223,2023/02/03,Legal
128,6640,49795,2023/07/01,Accounting
129,6510,55114,2023/04/04,Accounting
130,6620,96071,2024/03/01,Research and Development
131,6310,97375,2024/01/21,Support
132,6240,49875,2023/12/15,Engineering
133,6410,38669,2023/09/16,Accounting
134,6410,43278,2023/12/03,Accounting
135,6610,98745,2023/06/07,Marketing
136,6620,53482,2023/07/17,Engineering
137,6130,98727,2023/04/25,Legal
138,6640,49773,2023/08/20,Business Development
139,6410,84761,2023/10/24,Business Development
140,6240,87591,2023/02/14,Support
141,6420,71726,2023/07/05,Human Resources
142,6530,37469,2023/11/23,Business Development
143,6420,12691,2024/01/29,Business Development
144,6410,74084,2023/11/29,Training
145,6240,83411,2023/04/15,Research and Development
146,6210,33284,2024/03/13,Human Resources
147,6110,19678,2023/06/26,Support
148,6540,66681,2023/04/21,Services
149,6630,83266,2023/03/17,Training
150,6230,32184,2023/06/27,Services
151,6130,79528,2023/06/22,Research and Development
152,6630,8358,2023/02/13,Research and Development
153,6130,61173,2023/12/30,Research and Development
154,6420,52897,2024/04/03,Human Resources
155,6110,88531,2023/08/22,Engineering
156,6520,18840,2023/05/20,Marketing
157,6120,40698,2023/03/26,Legal
158,6120,25999,2024/01/09,Legal
159,6310,8129,2023/11/08,Marketing
160,6220,68584,2023/09/07,Product Management
161,6610,94174,2024/03/17,Sales
162,6130,24363,2023/11/05,Services
163,6420,79857,2024/03/23,Engineering
164,6240,18064,2023/02/05,Support
165,6530,85496,2023/01/11,Sales
166,6230,36828,2023/01/26,Product Management
167,6110,54709,2023/09/30,Services
168,6410,62648,2023/12/31,Research and Development
169,6230,510,2023/08/02,Training
170,6220,71191,2023/07/14,Engineering
171,6110,30281,2023/06/05,Research and Development
172,6230,9759,2024/02/23,Support
173,6110,70771,2024/01/20,Human Resources
174,6420,74177,2023/11/09,Engineering
175,6410,37973,2023/12/10,Training
176,6220,36075,2023/11/27,Engineering
177,6230,11042,2023/04/19,Support
178,6540,97554,2023/02/18,Services
179,6220,64824,2023/09/15,Business Development
180,6640,6975,2024/04/06,Sales
181,6640,60894,2024/03/28,Accounting
182,6220,81619,2023/05/11,Services
183,6520,81262,2023/08/27,Product Management
184,6610,85216,2023/06/10,Engineering
185,6510,3663,2023/10/25,Human Resources
186,6630,30336,2024/04/02,Legal
187,6610,6429,2024/03/07,Training
188,6120,96074,2023/05/07,Training
189,6610,77099,2023/02/10,Legal
190,6410,35872,2024/01/30,Accounting
191,6120,97192,2023/03/09,Training
192,6110,17494,2023/01/17,Engineering
193,6310,32632,2023/12/08,Research and Development
194,6420,61219,2023/06/25,Support
195,6210,7860,2024/02/21,Sales
196,6210,11368,2023/07/02,Marketing
197,6130,30869,2023/10/05,Services
198,6310,89696,2023/12/07,Support
199,6620,60593,2023/07/01,Research and Development
200,6240,91292,2024/03/25,Engineering
201,6520,5995,2023/10/13,Accounting
202,6120,59262,2023/10/13,Marketing
203,6210,59774,2023/06/24,Product Management
204,6210,67346,2023/09/12,Marketing
205,6640,14787,2024/02/02,Services
206,6210,69849,2023/02/17,Sales
207,6610,70611,2024/03/19,Services
208,6310,66069,2023/03/26,Marketing
209,6520,57517,2023/02/24,Sales
210,6220,77204,2023/01/12,Product Management
211,6220,25887,2023/09/29,Human Resources
212,6130,28702,2024/02/01,Accounting
213,6510,65566,2023/09/08,Business Development
214,6110,29754,2023/02/21,Marketing
215,6120,23649,2023/04/07,Services
216,6420,40580,2023/12/04,Support
217,6240,28983,2023/11/23,Human Resources
218,6640,16649,2023/01/12,Product Management
219,6220,35082,2023/06/22,Business Development
220,6520,97771,2023/05/21,Research and Development
221,6610,62677,2023/12/06,Research and Development
222,6240,97897,2023/11/17,Training
223,6530,55007,2023/03/10,Human Resources
224,6610,5681,2024/02/04,Legal
225,6640,49378,2023/10/10,Accounting
226,6230,88324,2024/02/29,Legal
227,6620,16211,2023/08/27,Support
228,6230,27369,2024/02/20,Sales
229,6540,43084,2023/10/14,Research and Development
230,6620,5202,2023/04/11,Product Management
231,6630,73505,2023/09/08,Services
232,6410,95792,2023/11/12,Legal
233,6630,14607,2023/03/30,Business Development
234,6410,54328,2023/05/08,Product Management
235,6510,64193,2023/10/20,Sales
236,6240,21955,2024/03/31,Human Resources
237,6620,78037,2023/07/29,Research and Development
238,6210,877,2023/10/16,Accounting
239,6230,791,2023/10/15,Business Development
240,6120,64612,2023/08/03,Services
241,6130,2687,2023/04/16,Support
242,6110,41272,2023/06/03,Product Management
243,6230,60046,2023/02/21,Business Development
244,6510,64270,2023/08/13,Business Development
245,6410,43514,2024/03/22,Business Development
246,6230,69458,2023/09/28,Legal
247,6610,93543,2023/02/10,Training
248,6620,22802,2024/03/11,Support
249,6530,46086,2023/09/29,Accounting
250,6110,56760,2023/03/29,Sales
251,6620,39061,2023/02/04,Marketing
252,6620,63387,2023/07/24,Support
253,6410,61274,2023/10/29,Accounting
254,6530,34350,2023/01/05,Marketing
255,6210,73269,2023/09/16,Engineering
256,6540,6292,2023/03/16,Marketing
257,6310,57479,2023/10/28,Support
258,6210,45640,2023/03/29,Marketing
259,6630,38478,2023/03/26,Training
260,6230,92817,2023/09/21,Marketing
261,6620,31696,2023/12/16,Marketing
262,6110,86723,2023/10/21,Support
263,6120,43132,2023/05/23,Accounting
264,6230,95774,2023/06/28,Business Development
265,6420,74187,2023/03/16,Accounting
266,6520,81614,2024/04/06,Sales
267,6230,60958,2023/10/10,Marketing
268,6220,51497,2023/08/11,Accounting
269,6110,65608,2023/06/19,Training
270,6410,46989,2023/06/17,Accounting
271,6620,41997,2023/10/18,Human Resources
272,6640,43609,2023/03/06,Sales
273,6610,99377,2024/01/08,Sales
274,6220,87094,2023/01/11,Sales
275,6120,48694,2023/05/21,Support
276,6410,49765,2023/06/15,Training
277,6640,35333,2023/11/02,Accounting
278,6540,22430,2024/02/18,Sales
279,6120,12221,2023/02/06,Marketing
280,6610,5404,2023/06/29,Training
281,6540,14090,2023/09/19,Support
282,6210,49246,2023/07/19,Accounting
283,6110,36435,2023/10/02,Services
284,6420,53033,2023/12/03,Marketing
285,6310,81321,2023/07/01,Legal
286,6630,15873,2023/02/04,Sales
287,6210,316,2024/03/31,Human Resources
288,6630,90412,2024/02/07,Research and Development
289,6310,25304,2023/09/21,Marketing
290,6110,74722,2023/04/28,Product Management
291,6110,33647,2024/02/16,Human Resources
292,6310,16368,2023/06/06,Business Development
293,6130,84182,2024/01/14,Accounting
294,6240,98581,2023/05/18,Sales
295,6640,93764,2023/10/17,Business Development
296,6510,72518,2023/02/19,Training
297,6610,5967,2023/09/09,Support
298,6630,76295,2023/11/25,Research and Development
299,6540,8200,2024/02/26,Engineering
300,6130,86492,2023/03/25,Services
301,6120,43702,2023/10/15,Training
302,6540,9117,2023/01/31,Services
303,6640,28263,2023/01/26,Human Resources
304,6640,53310,2023/11/29,Training
305,6240,18259,2023/02/06,Research and Development
306,6420,9480,2024/01/10,Accounting
307,6520,95851,2023/05/01,Engineering
308,6540,62675,2023/06/30,Human Resources
309,6210,64590,2023/11/27,Training
310,6230,31631,2024/02/28,Services
311,6310,57761,2023/01/11,Business Development
312,6520,41753,2024/02/05,Research and Development
313,6420,63461,2023/01/29,Legal
314,6220,4535,2023/03/26,Business Development
315,6640,62341,2023/10/29,Services
316,6620,97318,2024/01/13,Business Development
317,6310,47342,2023/10/19,Human Resources
318,6110,20565,2024/02/28,Accounting
319,6240,11437,2023/09/11,Human Resources
320,6220,59593,2023/04/03,Marketing
321,6410,52491,2023/02/13,Business Development
322,6310,91457,2023/06/10,Services
323,6310,64076,2023/06/24,Business Development
324,6510,81077,2023/06/04,Accounting
325,6510,49876,2024/02/07,Legal
326,6220,10641,2023/06/04,Services
327,6620,63452,2023/03/28,Research and Development
328,6530,23048,2023/03/14,Services
329,6530,2648,2023/09/21,Marketing
330,6230,23804,2023/04/17,Business Development
331,6510,12379,2024/01/16,Accounting
332,6630,88818,2023/11/02,Legal
333,6530,69835,2023/11/18,Product Management
334,6630,34614,2023/03/27,Research and Development
335,6610,19199,2023/08/30,Research and Development
336,6240,55708,2023/08/22,Training
337,6620,59644,2024/01/29,Engineering
338,6310,72551,2023/12/20,Sales
339,6620,90752,2024/02/15,Accounting
340,6130,31267,2023/02/09,Product Management
341,6240,36105,2023/12/28,Research and Development
342,6630,8364,2024/01/13,Accounting
343,6620,15303,2024/02/02,Services
344,6420,58285,2023/07/12,Sales
345,6610,76738,2023/07/20,Training
346,6510,52283,2023/05/28,Services
347,6230,40658,2024/01/12,Legal
348,6130,60256,2024/01/11,Marketing
349,6120,26600,2023/08/04,Support
350,6230,32369,2023/08/14,Engineering
351,6230,30266,2023/04/09,Research and Development
352,6240,69668,2023/07/24,Training
353,6220,74600,2023/05/01,Sales
354,6410,72300,2023/04/07,Support
355,6130,21961,2023/12/09,Research and Development
356,6120,89456,2023/09/18,Accounting
357,6640,35622,2024/03/18,Research and Development
358,6220,74375,2023/08/03,Legal
359,6420,31487,2024/01/10,Accounting
360,6520,41703,2023/09/02,Sales
361,6520,44565,2023/01/18,Support
362,6510,19107,2024/04/06,Research and Development
363,6640,5841,2023/08/19,Legal
364,6530,90148,2023/05/21,Human Resources
365,6240,19573,2023/02/21,Accounting
366,6240,58274,2023/10/17,Support
367,6610,63733,2023/11/11,Services
368,6230,19306,2023/07/10,Services
369,6540,38692,2024/04/06,Human Resources
370,6110,84485,2024/01/29,Engineering
371,6110,69047,2023/05/30,Support
372,6610,35451,2023/11/07,Support
373,6520,6401,2023/01/16,Product Management
374,6230,76480,2023/09/29,Legal
375,6630,43441,2024/01/15,Services
376,6540,63435,2023/09/13,Sales
377,6630,8923,2023/10/26,Engineering
378,6120,63864,2023/08/31,Support
379,6630,62111,2023/09/03,Research and Development
380,6540,78604,2023/09/07,Business Development
381,6130,77317,2023/06/10,Engineering
382,6540,79071,2023/12/07,Services
383,6110,76059,2023/11/03,Human Resources
384,6520,88082,2023/04/04,Product Management
385,6420,15167,2024/03/02,Support
386,6110,48237,2023/02/25,Accounting
387,6230,23369,2023/03/12,Product Management
388,6220,72160,2024/03/15,Training
389,6420,99085,2023/05/14,Research and Development
390,6630,3246,2024/01/31,Services
391,6630,10386,2023/02/17,Business Development
392,6410,21722,2023/04/18,Training
393,6240,98826,2023/05/12,Sales
394,6640,89785,2024/01/21,Accounting
395,6520,49770,2023/06/30,Product Management
396,6220,34972,2024/01/02,Accounting
397,6530,40939,2024/03/03,Legal
398,6630,99560,2024/01/27,Sales
399,6540,14207,2023/05/10,Legal
400,6630,14418,2023/03/27,Research and Development
401,6310,56249,2024/02/17,Business Development
402,6630,52547,2023/08/10,Human Resources
403,6530,75138,2023/12/08,Services
404,6130,17408,2023/05/07,Marketing
405,6410,6428,2024/01/15,Legal
406,6310,59160,2023/06/17,Accounting
407,6410,24669,2023/11/20,Services
408,6420,46681,2024/03/24,Human Resources
409,6220,89946,2023/12/15,Research and Development
410,6540,98480,2023/12/13,Support
411,6110,47454,2023/01/27,Engineering
412,6240,17471,2023/09/06,Business Development
413,6640,88578,2023/11/11,Services
414,6310,74046,2023/10/11,Product Management
415,6310,44919,2023/03/21,Human Resources
416,6530,79203,2023/09/23,Human Resources
417,6540,26822,2023/01/26,Support
418,6530,3851,2023/08/02,Engineering
419,6510,79856,2024/03/08,Services
420,6510,50727,2023/07/12,Marketing
421,6610,65082,2024/01/04,Sales
422,6520,50948,2023/06/19,Product Management
423,6410,37229,2023/01/25,Research and Development
424,6220,49161,2023/04/13,Research and Development
425,6410,30839,2023/07/26,Product Management
426,6220,48948,2023/02/10,Marketing
427,6530,90270,2023/03/20,Support
428,6120,96839,2023/12/11,Human Resources
429,6610,16772,2023/11/26,Marketing
430,6410,37694,2023/12/16,Support
431,6210,57479,2024/01/17,Research and Development
432,6310,95902,2023/02/12,Research and Development
433,6620,63785,2023/05/25,Engineering
434,6110,83902,2024/02/19,Legal
435,6420,89036,2024/03/08,Product Management
436,6530,52875,2024/02/02,Accounting
437,6110,46965,2023/05/11,Sales
438,6520,22052,2023/04/24,Legal
439,6410,68752,2023/12/20,Marketing
440,6520,36159,2023/01/08,Services
441,6410,31034,2023/01/04,Engineering
442,6630,55773,2024/03/30,Support
443,6230,64557,2023/01/24,Accounting
444,6610,37624,2023/03/30,Training
445,6520,61091,2023/08/10,Human Resources
446,6110,42706,2023/07/30,Support
447,6120,15074,2023/05/14,Business Development
448,6210,68026,2023/10/10,Marketing
449,6210,16707,2023/09/01,Business Development
450,6310,55784,2023/05/14,Sales
451,6120,76625,2023/03/22,Human Resources
452,6640,35418,2023/02/24,Human Resources
453,6230,70100,2023/03/22,Business Development
454,6240,65670,2023/11/15,Sales
455,6540,26616,2023/12/17,Training
456,6420,37763,2023/01/28,Engineering
457,6420,5943,2023/04/05,Product Management
458,6220,26779,2023/09/27,Research and Development
459,6220,33691,2023/11/07,Services
460,6210,88108,2023/01/15,Accounting
461,6120,23895,2023/08/05,Legal
462,6310,53940,2023/04/09,Marketing
463,6230,39460,2024/02/02,Business Development
464,6120,99218,2023/10/04,Research and Development
465,6610,26248,2023/09/24,Engineering
466,6310,92674,2023/02/17,Legal
467,6520,32259,2024/01/30,Support
468,6620,29642,2023/08/19,Sales
469,6510,94910,2023/08/04,Support
470,6530,13430,2023/07/19,Engineering
471,6310,24706,2023/05/07,Marketing
472,6240,68481,2023/12/03,Business Development
473,6620,26991,2023/03/24,Engineering
474,6130,16813,2023/11/25,Support
475,6240,43728,2023/11/22,Accounting
476,6620,91507,2023/08/03,Support
477,6410,27614,2023/09/18,Sales
478,6130,97683,2023/07/05,Services
479,6620,45007,2023/01/09,Human Resources
480,6530,96388,2023/03/30,Product Management
481,6530,17842,2024/02/06,Accounting
482,6120,19067,2023/10/19,Support
483,6610,91692,2023/07/06,Marketing
484,6310,35195,2023/06/20,Human Resources
485,6410,42751,2023/06/26,Services
486,6210,19355,2023/07/01,Marketing
487,6520,64176,2023/05/13,Human Resources
488,6410,83356,2023/02/07,Business Development
489,6210,65926,2024/03/26,Legal
490,6210,26522,2024/03/12,Training
491,6410,11149,2023/07/31,Support
492,6520,37954,2023/08/14,Business Development
493,6310,49899,2023/03/13,Support
494,6220,13974,2024/03/24,Research and Development
495,6420,86291,2023/05/20,Marketing
496,6540,3176,2023/10/05,Support
497,6210,99934,2024/03/17,Human Resources
498,6640,7752,2023/08/08,Sales
499,6540,90393,2023/01/02,Training
500,6620,26151,2023/11/04,Product Management
501,6120,71859,2024/02/02,Research and Development
502,6120,39526,2023/10/01,Business Development
503,6220,72974,2024/03/03,Business Development
504,6630,88273,2023/02/25,Business Development
505,6240,93182,2024/01/25,Human Resources
506,6510,16193,2023/06/16,Sales
507,6230,94663,2023/08/10,Human Resources
508,6420,12400,2023/10/23,Marketing
509,6510,74601,2023/01/28,Research and Development
510,6530,29303,2023/09/06,Engineering
511,6220,45189,2023/09/15,Research and Development
512,6240,4453,2024/02/05,Human Resources
513,6230,25714,2023/09/23,Marketing
514,6620,62037,2023/04/02,Research and Development
515,6630,6593,2024/03/30,Accounting
516,6130,94689,2023/09/16,Accounting
517,6310,81653,2023/01/04,Accounting
518,6510,99815,2024/01/15,Marketing
519,6640,77878,2023/01/19,Accounting
520,6610,31300,2023/12/01,Sales
521,6640,38200,2024/03/02,Research and Development
522,6230,72144,2023/04/05,Services
523,6310,15648,2023/08/10,Support
524,6540,95090,2024/02/15,Research and Development
525,6520,96564,2023/03/25,Marketing
526,6520,43307,2023/03/29,Sales
527,6520,42891,2023/11/27,Services
528,6630,27233,2024/02/04,Engineering
529,6610,9510,2023/10/07,Training
530,6120,82103,2023/04/19,Training
531,6420,60900,2023/04/08,Research and Development
532,6510,87209,2023/09/19,Support
533,6630,8017,2023/06/21,Marketing
534,6310,3346,2023/03/06,Support
535,6630,87181,2023/12/13,Services
536,6120,67092,2024/03/01,Product Management
537,6420,28547,2023/08/30,Engineering
538,6210,47819,2023/04/17,Product Management
539,6220,26184,2024/01/09,Human Resources
540,6610,89784,2023/05/18,Business Development
541,6120,95883,2023/06/18,Human Resources
542,6240,51732,2024/04/02,Support
543,6120,26141,2023/11/26,Sales
544,6420,97168,2023/12/18,Accounting
545,6240,36708,2023/02/21,Engineering
546,6110,79116,2024/01/30,Sales
547,6410,93757,2023/02/28,Business Development
548,6510,34235,2023/04/02,Services
549,6410,90122,2023/11/03,Product Management
550,6120,5797,2024/03/02,Marketing
551,6610,48780,2023/11/14,Sales
552,6310,1786,2023/04/17,Engineering
553,6230,52900,2023/11/28,Training
554,6640,10643,2023/01/07,Support
555,6520,51357,2023/01/06,Business Development
556,6230,83009,2023/06/16,Sales
557,6120,52541,2023/11/07,Support
558,6110,66013,2023/05/15,Business Development
559,6620,92560,2023/02/12,Marketing
560,6230,75472,2024/01/13,Accounting
561,6130,68041,2024/03/04,Accounting
562,6410,86127,2023/06/19,Product Management
563,6310,73589,2023/01/19,Research and Development
564,6520,32806,2023/08/18,Research and Development
565,6510,93367,2023/12/22,Training
566,6520,61051,2023/06/07,Legal
567,6210,28565,2024/01/05,Human Resources
568,6630,88257,2023/07/03,Business Development
569,6530,5687,2024/02/08,Sales
570,6410,93452,2023/05/20,Accounting
571,6240,78805,2023/04/24,Sales
572,6410,17919,2023/05/26,Marketing
573,6530,81379,2023/08/12,Engineering
574,6420,48212,2024/02/18,Training
575,6420,47179,2023/07/25,Business Development
576,6210,92214,2023/10/20,Support
577,6120,9453,2023/08/06,Engineering
578,6630,82769,2024/03/09,Legal
579,6620,68725,2023/04/30,Legal
580,6640,54934,2023/07/14,Services
581,6640,51407,2023/10/28,Business Development
582,6530,34251,2023/05/26,Sales
583,6530,48835,2023/07/21,Legal
584,6610,81227,2023/01/07,Services
585,6620,46662,2023/12/20,Training
586,6210,48456,2023/11/18,Product Management
587,6520,89307,2024/02/15,Training
588,6110,47251,2023/10/06,Accounting
589,6620,62326,2023/08/13,Legal
590,6220,34607,2024/03/02,Services
591,6210,25985,2024/02/23,Accounting
592,6510,64973,2024/02/01,Training
593,6240,60935,2023/03/22,Accounting
594,6640,29261,2023/04/10,Human Resources
595,6110,64228,2023/09/04,Business Development
596,6240,47291,2023/05/02,Accounting
597,6110,11647,2024/01/13,Sales
598,6110,80598,2024/03/05,Marketing
599,6130,42577,2023/09/21,Support
600,6230,37408,2023/01/11,Research and Development
601,6610,68243,2024/03/26,Engineering
602,6630,88219,2023/04/01,Business Development
603,6310,68217,2023/07/04,Business Development
604,6540,2643,2023/02/26,Support
605,6240,49140,2023/07/16,Services
606,6620,47949,2023/08/31,Legal
607,6620,68971,2023/08/06,Marketing
608,6630,90388,2024/02/29,Research and Development
609,6120,95511,2023/11/12,Product Management
610,6510,6252,2023/09/26,Product Management
611,6220,42238,2023/07/01,Engineering
612,6130,88898,2024/01/09,Business Development
613,6130,17220,2023/12/22,Research and Development
614,6540,8231,2024/03/22,Training
615,6230,6386,2024/01/16,Training
616,6610,69346,2023/08/22,Legal
617,6230,98145,2023/07/12,Accounting
618,6230,77617,2023/03/18,Research and Development
619,6540,61278,2023/10/06,Research and Development
620,6420,97403,2023/07/30,Training
621,6230,78512,2023/11/21,Product Management
622,6230,91558,2023/03/06,Human Resources
623,6230,36914,2023/07/06,Business Development
624,6530,78942,2023/09/28,Engineering
625,6420,38548,2024/02/09,Product Management
626,6630,8687,2023/10/31,Accounting
627,6130,47452,2023/12/09,Marketing
628,6210,94311,2023/07/31,Engineering
629,6520,64092,2023/08/15,Sales
630,6310,86976,2023/02/24,Accounting
631,6510,53725,2023/04/04,Human Resources
632,6130,39362,2023/12/12,Human Resources
633,6510,25853,2023/11/02,Legal
634,6240,95366,2023/09/06,Legal
635,6210,17857,2023/09/08,Services
636,6210,1213,2023/06/22,Accounting
637,6130,43711,2023/01/04,Sales
638,6230,40171,2023/03/28,Human Resources
639,6220,64563,2024/01/16,Marketing
640,6620,75068,2024/03/29,Accounting
641,6630,28098,2023/08/14,Legal
642,6510,63748,2023/06/04,Engineering
643,6230,14845,2023/12/20,Services
644,6120,29140,2024/03/25,Business Development
645,6130,63811,2023/05/08,Human Resources
646,6130,839,2024/02/04,Human Resources
647,6220,24490,2023/03/08,Accounting
648,6540,97148,2023/10/19,Training
649,6410,30908,2023/08/14,Product Management
650,6610,82389,2023/07/05,Legal
651,6210,9953,2023/08/16,Human Resources
652,6420,31791,2023/08/26,Product Management
653,6640,49136,2023/05/14,Marketing
654,6110,6196,2023/07/10,Human Resources
655,6210,34178,2023/02/16,Legal
656,6530,34487,2024/01/24,Engineering
657,6110,44267,2023/07/07,Legal
658,6110,61312,2023/07/24,Marketing
659,6240,43652,2023/11/12,Marketing
660,6240,97568,2023/08/08,Sales
661,6630,27193,2024/02/19,Engineering
662,6630,73557,2023/12/05,Accounting
663,6540,70807,2024/03/05,Legal
664,6520,6040,2024/02/16,Marketing
665,6510,18121,2023/08/21,Marketing
666,6640,13854,2023/08/15,Research and Development
667,6230,89490,2023/03/30,Engineering
668,6420,7980,2024/01/06,Research and Development
669,6310,81200,2023/06/01,Support
670,6240,56485,2023/08/19,Services
671,6210,12099,2024/02/10,Human Resources
672,6530,7372,2023/04/07,Product Management
673,6410,14967,2023/05/02,Marketing
674,6540,85697,2023/09/07,Services
675,6540,71697,2023/07/16,Engineering
676,6410,65093,2023/09/08,Business Development
677,6220,68179,2024/03/13,Product Management
678,6620,88056,2023/03/14,Research and Development
679,6220,53596,2023/06/01,Training
680,6230,28714,2023/05/30,Sales
681,6620,3154,2023/03/17,Research and Development
682,6310,58567,2024/03/10,Human Resources
683,6210,26181,2023/12/29,Services
684,6410,4492,2023/12/07,Sales
685,6210,65695,2023/06/29,Marketing
686,6210,39890,2023/09/14,Product Management
687,6530,81588,2023/12/07,Support
688,6540,89303,2023/02/13,Accounting
689,6310,5537,2023/02/20,Accounting
690,6510,50041,2023/04/02,Legal
691,6210,99196,2023/12/31,Legal
692,6530,18509,2023/08/31,Sales
693,6310,60410,2023/08/29,Research and Development
694,6130,51830,2024/01/30,Research and Development
695,6410,68293,2023/09/20,Sales
696,6620,56865,2023/12/21,Support
697,6640,25248,2023/07/26,Marketing
698,6630,41941,2023/05/03,Business Development
699,6120,82378,2023/02/26,Research and Development
700,6210,29672,2024/02/12,Training
701,6110,72835,2023/12/13,Support
702,6230,37880,2023/02/23,Accounting
703,6130,27939,2023/12/17,Human Resources
704,6520,57967,2023/05/18,Training
705,6520,12533,2024/03/09,Sales
706,6540,97930,2023/11/05,Accounting
707,6540,37298,2023/01/28,Product Management
708,6240,57379,2024/02/09,Sales
709,6420,38088,2023/03/11,Legal
710,6210,28657,2024/02/28,Accounting
711,6210,94160,2023/06/05,Engineering
712,6420,79092,2023/01/04,Engineering
713,6630,49180,2023/10/29,Support
714,6610,16333,2023/10/31,Services
715,6220,26657,2023/10/08,Support
716,6520,87442,2023/01/13,Training
717,6410,53227,2023/04/07,Marketing
718,6220,90919,2023/08/28,Accounting
719,6110,83347,2023/05/21,Services
720,6510,60735,2023/10/15,Services
721,6110,50143,2023/01/22,Support
722,6610,70867,2023/05/09,Services
723,6620,61788,2024/02/14,Legal
724,6410,38812,2023/02/20,Services
725,6120,40757,2023/02/24,Business Development
726,6210,24459,2024/01/08,Accounting
727,6240,49748,2023/10/09,Research and Development
728,6620,43685,2023/09/16,Engineering
729,6120,24303,2023/05/06,Marketing
730,6210,17816,2023/12/18,Accounting
731,6610,95369,2023/07/14,Research and Development
732,6620,95485,2023/04/19,Accounting
733,6540,8879,2023/08/17,Human Resources
734,6620,69206,2024/03/12,Human Resources
735,6230,38313,2023/11/05,Training
736,6640,94131,2024/02/08,Research and Development
737,6510,17374,2023/06/09,Sales
738,6520,3201,2024/02/05,Business Development
739,6530,68676,2023/03/07,Sales
740,6410,40413,2023/08/15,Legal
741,6540,42864,2024/04/07,Sales
742,6120,96854,2023/01/12,Legal
743,6240,23465,2023/06/19,Engineering
744,6420,60614,2023/06/18,Training
745,6310,16865,2024/03/17,Training
746,6620,181,2023/08/16,Support
747,6420,64879,2024/03/20,Human Resources
748,6510,78379,2023/07/22,Marketing
749,6510,87460,2023/12/13,Product Management
750,6230,83039,2023/02/26,Accounting
751,6520,24492,2023/09/01,Human Resources
752,6110,14182,2024/01/28,Marketing
753,6420,32504,2023/08/26,Sales
754,6510,98440,2023/04/29,Business Development
755,6420,61184,2023/07/10,Sales
756,6510,22231,2023/05/31,Legal
757,6540,16542,2023/01/25,Research and Development
758,6540,74917,2023/05/06,Accounting
759,6610,97759,2023/06/13,Product Management
760,6130,59801,2023/03/28,Product Management
761,6620,64771,2024/01/22,Product Management
762,6120,72596,2024/01/27,Support
763,6420,68548,2023/08/14,Support
764,6510,56402,2023/01/24,Support
765,6520,51662,2024/02/03,Research and Development
766,6420,35803,2024/01/13,Business Development
767,6620,53181,2023/05/08,Legal
768,6520,94593,2023/01/24,Research and Development
769,6410,71637,2024/01/19,Engineering
770,6310,75723,2023/02/02,Marketing
771,6210,16758,2023/12/04,Marketing
772,6620,26939,2023/12/12,Services
773,6120,40782,2023/08/04,Services
774,6420,61871,2023/09/21,Marketing
775,6610,48133,2024/03/03,Human Resources
776,6240,28131,2023/08/03,Training
777,6210,39975,2023/02/11,Support
778,6130,59255,2023/12/04,Accounting
779,6610,6868,2023/03/30,Marketing
780,6210,47506,2024/03/30,Training
781,6240,72918,2023/12/22,Legal
782,6210,64986,2024/01/23,Business Development
783,6110,19503,2024/02/02,Training
784,6620,30662,2023/04/22,Accounting
785,6530,46579,2023/07/11,Marketing
786,6120,61019,2023/05/31,Research and Development
787,6410,22661,2023/03/04,Business Development
788,6210,1323,2023/03/19,Support
789,6520,66923,2023/01/02,Marketing
790,6510,97573,2023/09/22,Product Management
791,6510,31603,2024/01/18,Training
792,6130,62042,2023/06/08,Services
793,6220,49070,2024/02/04,Support
794,6520,2751,2023/08/18,Services
795,6540,43236,2023/07/07,Services
796,6130,50809,2023/06/15,Accounting
797,6530,17387,2023/12/26,Human Resources
798,6520,5644,2024/03/28,Accounting
799,6520,28813,2023/09/28,Marketing
800,6610,32502,2024/02/07,Support
801,6510,86760,2024/01/21,Accounting
802,6530,30718,2023/03/04,Human Resources
803,6410,18958,2024/02/26,Legal
804,6310,88658,2023/08/29,Product Management
805,6620,81332,2024/04/02,Training
806,6540,38207,2023/09/27,Training
807,6210,26696,2023/12/20,Legal
808,6310,70222,2023/08/31,Legal
809,6520,72270,2023/10/18,Engineering
810,6130,65400,2023/06/18,Support
811,6110,22369,2023/03/24,Accounting
812,6420,39303,2023/01/21,Product Management
813,6610,22086,2023/11/14,Sales
814,6610,78153,2023/03/07,Legal
815,6130,68449,2024/02/28,Sales
816,6310,38980,2023/01/07,Product Management
817,6530,30435,2023/09/16,Research and Development
818,6640,32017,2024/01/13,Product Management
819,6610,78419,2023/05/04,Research and Development
820,6310,99886,2023/09/11,Training
821,6210,93407,2023/11/17,Accounting
822,6120,76896,2024/02/10,Accounting
823,6520,79298,2023/01/07,Support
824,6310,86098,2023/08/16,Marketing
825,6210,65310,2023/11/07,Research and Development
826,6620,60460,2023/05/10,Services
827,6540,96287,2024/01/11,Business Development
828,6530,99977,2023/11/24,Training
829,6240,93114,2023/04/05,Research and Development
830,6110,38185,2023/04/13,Sales
831,6540,55584,2023/12/02,Product Management
832,6230,60023,2024/01/26,Business Development
833,6210,21771,2023/07/06,Support
834,6220,55119,2023/03/26,Accounting
835,6230,73918,2023/09/26,Services
836,6510,43241,2024/03/16,Sales
837,6220,16756,2024/02/16,Support
838,6130,88100,2023/03/13,Business Development
839,6110,71701,2024/04/07,Services
840,6230,17611,2023/12/22,Business Development
841,6510,72324,2024/01/16,Marketing
842,6640,42874,2023/12/28,Business Development
843,6620,93165,2023/05/05,Product Management
844,6630,75630,2023/10/24,Sales
845,6130,86362,2023/07/29,Training
846,6220,87243,2023/09/26,Support
847,6630,35280,2023/05/07,Human Resources
848,6310,7249,2023/08/11,Accounting
849,6630,40827,2023/10/31,Product Management
850,6640,83036,2024/03/06,Services
851,6130,34567,2023/03/14,Engineering
852,6630,76649,2024/01/19,Product Management
853,6240,38549,2023/01/11,Human Resources
854,6110,90472,2023/11/25,Business Development
855,6630,65127,2024/01/10,Legal
856,6120,674,2023/09/01,Marketing
857,6640,19434,2023/08/02,Legal
858,6520,75874,2023/05/20,Marketing
859,6520,56546,2023/07/07,Product Management
860,6520,49728,2023/01/31,Research and Development
861,6240,69316,2023/11/02,Research and Development
862,6110,4710,2024/03/21,Legal
863,6120,98096,2023/04/22,Training
864,6220,60896,2024/01/03,Engineering
865,6520,62536,2023/04/04,Product Management
866,6310,46366,2023/04/07,Support
867,6630,76922,2024/02/27,Product Management
868,6210,35150,2023/02/18,Business Development
869,6610,7850,2023/09/17,Sales
870,6110,45210,2024/01/13,Services
871,6410,66468,2024/04/05,Engineering
872,6640,57977,2023/12/31,Accounting
873,6220,43358,2023/04/04,Research and Development
874,6640,98495,2023/09/01,Accounting
875,6130,92622,2023/11/28,Engineering
876,6540,75240,2024/02/09,Research and Development
877,6110,41062,2024/03/15,Human Resources
878,6310,49606,2023/04/12,Sales
879,6130,32048,2024/01/31,Human Resources
880,6530,67709,2023/01/22,Support
881,6230,49714,2023/07/15,Support
882,6110,63247,2023/05/25,Legal
883,6530,47998,2023/08/16,Legal
884,6220,98656,2023/02/07,Engineering
885,6520,87578,2023/11/05,Engineering
886,6130,36397,2023/12/10,Human Resources
887,6410,90014,2024/03/19,Engineering
888,6220,80133,2023/06/02,Sales
889,6220,6118,2023/09/23,Research and Development
890,6510,62044,2023/03/16,Services
891,6120,61842,2023/04/29,Training
892,6130,75225,2023/02/07,Human Resources
893,6130,24604,2023/01/27,Engineering
894,6530,79269,2023/09/13,Accounting
895,6620,16269,2023/04/14,Human Resources
896,6420,70869,2023/01/23,Product Management
897,6120,58733,2023/01/25,Sales
898,6540,25465,2024/02/23,Human Resources
899,6610,39946,2023/12/30,Business Development
900,6220,76004,2024/02/26,Accounting
901,6530,34378,2024/03/16,Research and Development
902,6620,26104,2023/12/29,Human Resources
903,6510,26758,2023/05/26,Product Management
904,6210,26533,2023/05/16,Sales
905,6230,4376,2024/03/17,Sales
906,6530,69890,2023/04/20,Support
907,6110,42311,2023/04/05,Product Management
908,6630,8615,2023/05/25,Sales
909,6620,83644,2023/10/15,Training
910,6110,50010,2024/03/05,Services
911,6620,95630,2023/03/16,Research and Development
912,6310,10100,2024/01/04,Engineering
913,6510,10985,2024/01/23,Training
914,6640,61775,2023/07/03,Human Resources
915,6640,39042,2023/02/02,Legal
916,6520,84818,2023/11/09,Marketing
917,6420,54118,2023/04/29,Engineering
918,6410,45660,2023/04/15,Product Management
919,6520,62523,2023/05/06,Accounting
920,6610,677,2023/11/07,Services
921,6540,1970,2024/04/04,Business Development
922,6220,91665,2024/01/29,Business Development
923,6210,27061,2024/04/06,Sales
924,6210,55871,2023/10/30,Research and Development
925,6530,27882,2023/01/29,Sales
926,6240,45949,2024/01/03,Legal
927,6610,29820,2023/04/25,Marketing
928,6510,13627,2023/03/29,Accounting
929,6640,21214,2024/01/08,Accounting
930,6310,59981,2023/09/23,Sales
931,6310,54592,2023/10/26,Training
932,6410,2121,2023/04/25,Human Resources
933,6240,57019,2023/05/29,Business Development
934,6520,63926,2023/09/18,Human Resources
935,6110,28270,2023/10/16,Marketing
936,6410,65220,2023/10/18,Support
937,6630,12154,2023/06/11,Support
938,6620,92605,2023/02/22,Legal
939,6420,87663,2023/11/27,Business Development
940,6520,51167,2024/04/07,Product Management
941,6640,31950,2023/01/21,Business Development
942,6110,66016,2023/12/25,Services
943,6530,21490,2023/08/22,Engineering
944,6120,72316,2023/07/22,Engineering
945,6530,4542,2023/06/23,Engineering
946,6410,71579,2024/01/25,Engineering
947,6530,60504,2024/03/01,Accounting
948,6230,18186,2024/02/02,Support
949,6310,91089,2023/08/09,Research and Development
950,6530,56537,2023/06/17,Engineering
951,6640,21036,2023/05/25,Human Resources
952,6410,11229,2024/01/27,Services
953,6520,85954,2023/05/22,Product Management
954,6630,58916,2023/09/08,Human Resources
955,6540,2626,2023/11/28,Legal
956,6230,31822,2023/08/24,Research and Development
957,6230,75634,2024/03/08,Research and Development
958,6220,73644,2023/09/24,Support
959,6110,82266,2023/03/27,Legal
960,6540,86952,2023/08/04,Accounting
961,6210,2333,2024/01/10,Engineering
962,6510,49106,2023/08/10,Legal
963,6530,96897,2023/02/14,Support
964,6530,88862,2023/05/05,Marketing
965,6420,46056,2023/05/24,Support
966,6120,68254,2023/08/29,Product Management
967,6210,82500,2023/06/22,Services
968,6520,36192,2024/03/25,Legal
969,6640,85232,2023/06/06,Accounting
970,6210,34431,2023/06/16,Business Development
971,6310,20606,2023/05/31,Product Management
972,6130,48816,2023/11/07,Business Development
973,6110,7620,2023/12/07,Marketing
974,6420,27338,2024/01/06,Legal
975,6510,58566,2023/09/21,Support
976,6630,87652,2023/12/11,Human Resources
977,6110,33091,2023/10/30,Business Development
978,6230,39252,2023/11/08,Human Resources
979,6420,76476,2023/10/04,Legal
980,6220,15064,2023/09/20,Training
981,6130,37960,2024/03/27,Marketing
982,6630,57033,2024/02/23,Human Resources
983,6420,83274,2024/01/15,Marketing
984,6310,68838,2023/07/11,Legal
985,6230,96215,2024/03/07,Business Development
986,6540,30441,2023/05/02,Support
987,6530,62129,2023/04/27,Research and Development
988,6110,33194,2023/02/14,Services
989,6530,98019,2024/01/06,Human Resources
990,6410,48345,2023/07/07,Engineering
991,6520,30498,2023/10/16,Legal
992,6540,85482,2023/12/05,Business Development
993,6120,14236,2023/08/23,Research and Development
994,6230,16007,2023/08/18,Marketing
995,6610,39003,2023/08/18,Support
996,6240,58672,2024/04/07,Sales
997,6120,43898,2024/04/07,Services
998,6540,42013,2024/03/04,Research and Development
999,6510,17319,2023/11/10,Business Development
1000,6130,40208,2024/03/03,Accounting
